"Symbol","Name","LastSale","MarketCap","IPOyear","Sector","industry","Summary Quote",
"XXII","22nd Century Group, Inc","2.32","$288.4M","n/a","Consumer Non-Durables","Farming/Seeds/Milling","https://www.nasdaq.com/symbol/xxii",
"FAX","Aberdeen Asia-Pacific Income Fund Inc","4.24","$1.07B","1986","n/a","n/a","https://www.nasdaq.com/symbol/fax",
"IAF","Aberdeen Australia Equity Fund Inc","6.18","$140.55M","n/a","n/a","n/a","https://www.nasdaq.com/symbol/iaf",
"AEF","Aberdeen Emerging Markets Equity Income Fund, Inc.","6.71","$405.95M","n/a","n/a","n/a","https://www.nasdaq.com/symbol/aef",
"FCO","Aberdeen Global Income Fund, Inc.","8.11","$70.76M","1992","n/a","n/a","https://www.nasdaq.com/symbol/fco",
"ACU","Acme United Corporation.","22","$74.23M","1988","Capital Goods","Industrial Machinery/Components","https://www.nasdaq.com/symbol/acu",
"ATNM","Actinium Pharmaceuticals, Inc.","0.641","$70.71M","n/a","Health Care","Major Pharmaceuticals","https://www.nasdaq.com/symbol/atnm",
"AE","Adams Resources & Energy, Inc.","45.2","$190.64M","n/a","Energy","Oil Refining/Marketing","https://www.nasdaq.com/symbol/ae",
"ACY","AeroCentury Corp.","15.6","$22.1M","n/a","Technology","Diversified Commercial Services","https://www.nasdaq.com/symbol/acy",
"UAVS","AgEagle Aerial Systems, Inc.","1.87","$19.16M","n/a","Capital Goods","Aerospace","https://www.nasdaq.com/symbol/uavs",
"AIRI","Air Industries Group","1.4698","$38.83M","n/a","Capital Goods","Military/Government/Technical","https://www.nasdaq.com/symbol/airi",
"AXU","Alexco Resource Corp","1.03","$111.23M","n/a","Basic Industries","Precious Metals","https://www.nasdaq.com/symbol/axu",
"ALO","Alio Gold Inc.","0.7921","$66.37M","2011","Basic Industries","Precious Metals","https://www.nasdaq.com/symbol/alo",
"AAU","Almaden Minerals, Ltd.","0.6046","$67.5M","2015","Basic Industries","Precious Metals","https://www.nasdaq.com/symbol/aau",
"APT","Alpha Pro Tech, Ltd.","3.45","$48.95M","n/a","Health Care","Industrial Specialties","https://www.nasdaq.com/symbol/apt",
"AAMC","Altisource Asset Management Corp","64.9","$104.6M","n/a","Finance","Real Estate","https://www.nasdaq.com/symbol/aamc",
"AMBO","Ambow Education Holding Ltd.","5.91","$115.08M","n/a","Consumer Services","Other Consumer Services","https://www.nasdaq.com/symbol/ambo",
"DIT","AMCON Distributing Company","83.3","$51.31M","n/a","Consumer Non-Durables","Food Distributors","https://www.nasdaq.com/symbol/dit",
"ALN","American Lorain Corporation","0.181","$12.41M","n/a","Consumer Non-Durables","Packaged Foods","https://www.nasdaq.com/symbol/aln",
"AMS","American Shared Hospital Services","3.0499","$17.41M","n/a","Health Care","Medical Specialities","https://www.nasdaq.com/symbol/ams",
"USAS","Americas Silver Corporation","2.23","$95.12M","2017","Basic Industries","Precious Metals","https://www.nasdaq.com/symbol/usas",
"AMPE","Ampio Pharmaceuticals, Inc.","0.4674","$40.35M","n/a","Health Care","Major Pharmaceuticals","https://www.nasdaq.com/symbol/ampe",
"APHB","AmpliPhi Biosciences Corporation","1.16","$19.1M","n/a","Health Care","Biotechnology: Biological Products (No Diagnostic Substances)","https://www.nasdaq.com/symbol/aphb",
"ARNC^","Arconic Inc.","88","n/a","n/a","n/a","n/a","https://www.nasdaq.com/symbol/arnc^",
"AKG","Asanko Gold Inc.","0.834","$188.32M","n/a","Basic Industries","Mining & Quarrying of Nonmetallic Minerals (No Fuels)","https://www.nasdaq.com/symbol/akg",
"AINC","Ashford Inc.","89.46","$188.71M","2014","Consumer Services","Professional Services","https://www.nasdaq.com/symbol/ainc",
"ASB.WS","Associated Banc-Corp","n/a","n/a","n/a","n/a","n/a","https://www.nasdaq.com/symbol/asb.ws",
"AST","Asterias Biotherapeutics, Inc.","1.65","$90.77M","n/a","Health Care","Biotechnology: Biological Products (No Diagnostic Substances)","https://www.nasdaq.com/symbol/ast",
"AUG","Auryn Resources Inc.","1.03","$88.52M","n/a","Basic Industries","Precious Metals","https://www.nasdaq.com/symbol/aug",
"AWX","Avalon Holdings Corporation","4.17","$15.86M","n/a","Public Utilities","Environmental Services","https://www.nasdaq.com/symbol/awx",
"ASM","Avino Silver","0.89","$49.67M","n/a","Basic Industries","Precious Metals","https://www.nasdaq.com/symbol/asm",
"BTG","B2Gold Corp","2.11","$2.08B","n/a","Basic Industries","Precious Metals","https://www.nasdaq.com/symbol/btg",
"BTN","Ballantyne Strong, Inc","5.15","$74.27M","n/a","Miscellaneous","Industrial Machinery/Components","https://www.nasdaq.com/symbol/btn",
"BKJ","Bancorp of New Jersey, Inc","16.95","$123.66M","n/a","Finance","Major Banks","https://www.nasdaq.com/symbol/bkj",
"BCV","Bancroft Fund Limited","22.27","$117.57M","n/a","n/a","n/a","https://www.nasdaq.com/symbol/bcv",
"BCV^A","Bancroft Fund Limited","25.22","n/a","n/a","n/a","n/a","https://www.nasdaq.com/symbol/bcv^a",
"BHB","Bar Harbor Bankshares, Inc.","29.87","$462.57M","n/a","Finance","Major Banks","https://www.nasdaq.com/symbol/bhb",
"BRN","Barnwell Industries, Inc.","1.92","$15.89M","n/a","Energy","Oil & Gas Production","https://www.nasdaq.com/symbol/brn",
"BGSF","BG Staffing Inc","28.43","$286.83M","n/a","Technology","Professional Services","https://www.nasdaq.com/symbol/bgsf",
"BPMX","BioPharmX Corporation","0.165","$31.6M","2015","Health Care","Major Pharmaceuticals","https://www.nasdaq.com/symbol/bpmx",
"BTX","BioTime, Inc.","2.51","$318.45M","n/a","Health Care","Biotechnology: Biological Products (No Diagnostic Substances)","https://www.nasdaq.com/symbol/btx",
"BTX.WS","BioTime, Inc.","n/a","n/a","n/a","n/a","n/a","https://www.nasdaq.com/symbol/btx.ws",
"BGI","Birks Group Inc.","1.51","$27.12M","n/a","Consumer Services","Consumer Specialties","https://www.nasdaq.com/symbol/bgi",
"BKTI","BK Technologies, Inc.","3.7","$51.22M","n/a","Technology","Radio And Television Broadcasting And Communications Equipment","https://www.nasdaq.com/symbol/bkti",
"BDR","Blonder Tongue Laboratories, Inc.","1.2","$11.34M","n/a","Technology","Radio And Television Broadcasting And Communications Equipment","https://www.nasdaq.com/symbol/bdr",
"BRG","Bluerock Residential Growth REIT, Inc.","9.71","$231.39M","2014","Consumer Services","Real Estate Investment Trusts","https://www.nasdaq.com/symbol/brg",
"BRG^A","Bluerock Residential Growth REIT, Inc.","26","n/a","n/a","n/a","n/a","https://www.nasdaq.com/symbol/brg^a",
"BRG^C","Bluerock Residential Growth REIT, Inc.","24.93","n/a","n/a","n/a","n/a","https://www.nasdaq.com/symbol/brg^c",
"BRG^D","Bluerock Residential Growth REIT, Inc.","23.97","n/a","n/a","n/a","n/a","https://www.nasdaq.com/symbol/brg^d",
"BVX","Bovie Medical Corporation","4.63","$152.23M","n/a","Health Care","Medical/Dental Instruments","https://www.nasdaq.com/symbol/bvx",
"BWL.A","Bowl America, Inc.","n/a","n/a","n/a","n/a","n/a","https://www.nasdaq.com/symbol/bwl.a",
"CMCL","Caledonia Mining Corporation Plc","7.28","$77.19M","n/a","Basic Industries","Precious Metals","https://www.nasdaq.com/symbol/cmcl",
"CEI","Camber Energy, Inc.","0.242","$4.82M","n/a","Energy","Oil & Gas Production","https://www.nasdaq.com/symbol/cei",
"CANF","Can-Fite Biopharma Ltd","1.165","$23.28M","n/a","Health Care","Major Pharmaceuticals","https://www.nasdaq.com/symbol/canf",
"ROX","Castle Brands, Inc.","1.13","$189.95M","2006","Consumer Non-Durables","Beverages (Production/Distribution)","https://www.nasdaq.com/symbol/rox",
"CAW","CCA Industries, Inc.","2.85","$21.25M","n/a","Consumer Non-Durables","Package Goods/Cosmetics","https://www.nasdaq.com/symbol/caw",
"CVM","Cel-Sci Corporation","0.9801","$19.13M","n/a","Health Care","Biotechnology: Biological Products (No Diagnostic Substances)","https://www.nasdaq.com/symbol/cvm",
"CVM.WS","Cel-Sci Corporation","n/a","n/a","n/a","n/a","n/a","https://www.nasdaq.com/symbol/cvm.ws",
"CET","Central Securities Corporation","28.46","$706.12M","n/a","n/a","n/a","https://www.nasdaq.com/symbol/cet",
"LEU","Centrus Energy Corp.","2.81","$25.4M","2014","Basic Industries","Mining & Quarrying of Nonmetallic Minerals (No Fuels)","https://www.nasdaq.com/symbol/leu",
"CCF","Chase Corporation","122.7","$1.15B","n/a","Consumer Durables","Building Products","https://www.nasdaq.com/symbol/ccf",
"CQH","Cheniere Energy Partners LP Holdings, LLC","29.64","$6.87B","2013","Public Utilities","Oil/Gas Transmission","https://www.nasdaq.com/symbol/cqh",
"CQP","Cheniere Energy Partners, LP","37.29","$18.05B","2007","Public Utilities","Oil/Gas Transmission","https://www.nasdaq.com/symbol/cqp",
"LNG","Cheniere Energy, Inc.","61.23","$15.19B","n/a","Public Utilities","Oil/Gas Transmission","https://www.nasdaq.com/symbol/lng",
"CVR","Chicago Rivet & Machine Co.","32.0224","$30.94M","n/a","Technology","Industrial Machinery/Components","https://www.nasdaq.com/symbol/cvr",
"CPHI","China Pharma Holdings, Inc.","0.2314","$10.08M","n/a","Health Care","Major Pharmaceuticals","https://www.nasdaq.com/symbol/cphi",
"CKX","CKX Lands, Inc.","10.0709","$19.56M","n/a","Energy","Oil & Gas Production","https://www.nasdaq.com/symbol/ckx",
"GLV","Clough Global Dividend and Income Fund","12.77","$89.47M","2004","n/a","n/a","https://www.nasdaq.com/symbol/glv",
"GLQ","Clough Global Equity Fund","14.76","$162.74M","2005","n/a","n/a","https://www.nasdaq.com/symbol/glq",
"GLO","Clough Global Opportunities Fund","11.33","$365.1M","2006","n/a","n/a","https://www.nasdaq.com/symbol/glo",
"COHN","Cohen & Company Inc.","10","$12.71M","n/a","Finance","Investment Bankers/Brokers/Service","https://www.nasdaq.com/symbol/cohn",
"MOC","Command Security Corporation","1.66","$16.82M","n/a","Consumer Services","Diversified Commercial Services","https://www.nasdaq.com/symbol/moc",
"CIX","CompX International Inc.","13.7","$170.24M","1998","Capital Goods","Industrial Machinery/Components","https://www.nasdaq.com/symbol/cix",
"LODE","Comstock Mining, Inc.","0.164","$8.76M","n/a","Basic Industries","Precious Metals","https://www.nasdaq.com/symbol/lode",
"CDOR","Condor Hospitality Trust, Inc.","10.54","$125.18M","n/a","Consumer Services","Real Estate Investment Trusts","https://www.nasdaq.com/symbol/cdor",
"CTO","Consolidated-Tomoka Land Co.","64.88","$360.73M","n/a","Finance","Real Estate","https://www.nasdaq.com/symbol/cto",
"MCF","Contango Oil & Gas Company","5.37","$137.81M","n/a","Energy","Oil & Gas Production","https://www.nasdaq.com/symbol/mcf",
"CUO","Continental Materials Corporation","16.75","$28.44M","n/a","Capital Goods","Building Materials","https://www.nasdaq.com/symbol/cuo",
"CMT","Core Molding Technologies Inc","9.55","$75.38M","n/a","Consumer Non-Durables","Plastic Products","https://www.nasdaq.com/symbol/cmt",
"CVRS","Corindus Vascular Robotics, Inc.","0.9149","$172.72M","2015","Health Care","Medical/Dental Instruments","https://www.nasdaq.com/symbol/cvrs",
"CRMD","CorMedix Inc","0.4673","$38.27M","n/a","Health Care","Major Pharmaceuticals","https://www.nasdaq.com/symbol/crmd",
"CRF","Cornerstone Strategic Return Fund, Inc. (The)","14.12","$318.77M","n/a","n/a","n/a","https://www.nasdaq.com/symbol/crf",
"CLM","Cornerstone Strategic Value Fund, Inc.","14.09","$627.88M","1987","n/a","n/a","https://www.nasdaq.com/symbol/clm",
"CVU","CPI Aerostructures, Inc.","8.85","$79.11M","n/a","Capital Goods","Military/Government/Technical","https://www.nasdaq.com/symbol/cvu",
"CIK","Credit Suisse Asset Management Income Fund, Inc.","3.13","$163.67M","n/a","n/a","n/a","https://www.nasdaq.com/symbol/cik",
"DHY","Credit Suisse High Yield Bond Fund","2.6","$269M","1998","n/a","n/a","https://www.nasdaq.com/symbol/dhy",
"CRHM","CRH Medical Corporation","3.775","$274.34M","2015","Health Care","Medical/Dental Instruments","https://www.nasdaq.com/symbol/crhm",
"CTEK","CynergisTek, Inc.","3.76","$36.16M","2017","Miscellaneous","Business Services","https://www.nasdaq.com/symbol/ctek",
"DXR","Daxor Corporation","5.24","$19.54M","n/a","Health Care","Medical/Dental Instruments","https://www.nasdaq.com/symbol/dxr",
"VCF","Delaware Investments Colorado Municipal Income Fund, Inc","14.4","$69.65M","1993","n/a","n/a","https://www.nasdaq.com/symbol/vcf",
"VFL","Delaware Investments Florida Insured Municipal Income Fund","12.6024","$57.07M","1993","n/a","n/a","https://www.nasdaq.com/symbol/vfl",
"VMM","Delaware Investments Minnesota Municipal Income Fund II, Inc.","12.43","$143.01M","1993","n/a","n/a","https://www.nasdaq.com/symbol/vmm",
"DLA","Delta Apparel, Inc.","18","$128.38M","n/a","Consumer Non-Durables","Apparel","https://www.nasdaq.com/symbol/dla",
"DNN","Denison Mine Corp","0.48","$268.41M","n/a","Basic Industries","Precious Metals","https://www.nasdaq.com/symbol/dnn",
"DGSE","DGSE Companies, Inc.","0.6977","$18.79M","n/a","Consumer Services","Consumer Specialties","https://www.nasdaq.com/symbol/dgse",
"DSS","Document Security Systems, Inc.","1.31","$21.75M","n/a","Consumer Durables","Containers/Packaging","https://www.nasdaq.com/symbol/dss",
"DPW","DPW Holdings, Inc.","0.395","$23.43M","n/a","Capital Goods","Industrial Machinery/Components","https://www.nasdaq.com/symbol/dpw",
"DMF","Dreyfus Municipal Income, Inc.","8.07","$167.42M","1988","n/a","n/a","https://www.nasdaq.com/symbol/dmf",
"DXF","Dunxin Financial Holdings Limited","5.7","$118.75M","n/a","Consumer Non-Durables","Apparel","https://www.nasdaq.com/symbol/dxf",
"GRF","Eagle Capital Growth Fund, Inc.","7.915","$28.41M","n/a","n/a","n/a","https://www.nasdaq.com/symbol/grf",
"EVM","Eaton Vance California Municipal Bond Fund","10.36","$221.65M","2002","n/a","n/a","https://www.nasdaq.com/symbol/evm",
"EIA","Eaton Vance California Municipal Bond Fund II","10.9","$42.36M","2002","n/a","n/a","https://www.nasdaq.com/symbol/eia",
"CEV","Eaton Vance California Municipal Income Trust","11.3815","$81.19M","1999","n/a","n/a","https://www.nasdaq.com/symbol/cev",
"EVV","Eaton Vance Limited Duration Income Fund","12.75","$1.48B","2003","n/a","n/a","https://www.nasdaq.com/symbol/evv",
"MAB","Eaton Vance Massachusetts Municipal Bond Fund","12.79","$22.62M","2002","n/a","n/a","https://www.nasdaq.com/symbol/mab",
"MMV","Eaton Vance Massachusetts Municipal Income Trust","12.67","$34.68M","1999","n/a","n/a","https://www.nasdaq.com/symbol/mmv",
"MIW","Eaton Vance Michigan Municipal Bond Fund","13.08","$19.62M","2002","n/a","n/a","https://www.nasdaq.com/symbol/miw",
"EMI","Eaton Vance Michigan Municipal Income Trust","12.87","$25.91M","1999","n/a","n/a","https://www.nasdaq.com/symbol/emi",
"EIM","Eaton Vance Municipal Bond Fund","11.79","$803.7M","2002","n/a","n/a","https://www.nasdaq.com/symbol/eim",
"EIV","Eaton Vance Municipal Bond Fund II","11.91","$119.26M","2002","n/a","n/a","https://www.nasdaq.com/symbol/eiv",
"EMJ","Eaton Vance New Jersey Municipal Bond Fund","12.15","$31.34M","2002","n/a","n/a","https://www.nasdaq.com/symbol/emj",
"EVJ","Eaton Vance New Jersey Municipal Income Trust","11.79","$54.21M","1999","n/a","n/a","https://www.nasdaq.com/symbol/evj",
"ENX","Eaton Vance New York Municipal Bond Fund","11.22","$175.73M","2002","n/a","n/a","https://www.nasdaq.com/symbol/enx",
"NYH","Eaton Vance New York Municipal Bond Fund II","10.6173","$27.14M","2002","n/a","n/a","https://www.nasdaq.com/symbol/nyh",
"EVY","Eaton Vance New York Municipal Income Trust","12.05","$65.98M","1999","n/a","n/a","https://www.nasdaq.com/symbol/evy",
"EIO","Eaton Vance Ohio Municipal Bond Fund","11.61","$29.47M","2002","n/a","n/a","https://www.nasdaq.com/symbol/eio",
"EVO","Eaton Vance Ohio Municipal Income Trust","12.8","$36.57M","1999","n/a","n/a","https://www.nasdaq.com/symbol/evo",
"EIP","Eaton Vance Pennsylvania Municipal Bond Fund","12.07","$35.73M","2002","n/a","n/a","https://www.nasdaq.com/symbol/eip",
"EVP","Eaton Vance Pennsylvania Municipal Income Trust","11.63","$30.25M","1999","n/a","n/a","https://www.nasdaq.com/symbol/evp",
"ELMD","Electromed, Inc.","5.23","$43.35M","2011","Health Care","Biotechnology: Electromedical & Electrotherapeutic Apparatus","https://www.nasdaq.com/symbol/elmd",
"ELLO","Ellomay Capital Ltd.","8.2301","$87.86M","n/a","Public Utilities","Electric Utilities: Central","https://www.nasdaq.com/symbol/ello",
"ECF","Ellsworth Growth and Income Fund Ltd.","9.82","$127.02M","1986","n/a","n/a","https://www.nasdaq.com/symbol/ecf",
"ECF^A","Ellsworth Growth and Income Fund Ltd.","24.64","n/a","n/a","n/a","n/a","https://www.nasdaq.com/symbol/ecf^a",
"EMAN","eMagin Corporation","1.65","$74.43M","n/a","Technology","Semiconductors","https://www.nasdaq.com/symbol/eman",
"MSN","Emerson Radio Corporation","1.47","$33.18M","n/a","Consumer Non-Durables","Consumer Electronics/Appliances","https://www.nasdaq.com/symbol/msn",
"EMX","EMX Royalty Corporation","1.05","$83.79M","n/a","Basic Industries","Precious Metals","https://www.nasdaq.com/symbol/emx",
"UUUU","Energy Fuels Inc","3.32","$287.74M","n/a","Basic Industries","Mining & Quarrying of Nonmetallic Minerals (No Fuels)","https://www.nasdaq.com/symbol/uuuu",
"UUUU.WS","Energy Fuels Inc","n/a","n/a","n/a","n/a","n/a","https://www.nasdaq.com/symbol/uuuu.ws",
"ENSV","ENSERVCO Corporation","0.8","$41.07M","n/a","Energy","Oilfield Services/Equipment","https://www.nasdaq.com/symbol/ensv",
"ESNC","EnSync, Inc.","0.3469","$19.64M","n/a","Public Utilities","Electric Utilities: Central","https://www.nasdaq.com/symbol/esnc",
"EGI","Entree Resources Ltd.","0.362","$63.12M","2017","Basic Industries","Precious Metals","https://www.nasdaq.com/symbol/egi",
"EVI","EnviroStarm, Inc.","46.25","$516.67M","n/a","Consumer Services","Other Consumer Services","https://www.nasdaq.com/symbol/evi",
"ESP","Espey Mfg. & Electronics Corp.","26","$61.98M","n/a","Capital Goods","Industrial Machinery/Components","https://www.nasdaq.com/symbol/esp",
"EVBN","Evans Bancorp, Inc.","47","$225.91M","n/a","Finance","Major Banks","https://www.nasdaq.com/symbol/evbn",
"EPM","Evolution Petroleum Corporation, Inc.","9.95","$330.06M","n/a","Energy","Oil & Gas Production","https://www.nasdaq.com/symbol/epm",
"FEN","First Trust Energy Income and Growth Fund","22.98","$445.75M","2004","n/a","n/a","https://www.nasdaq.com/symbol/fen",
"BDL","Flanigan&#39;s Enterprises, Inc.","27.4497","$51.02M","n/a","Consumer Services","Restaurants","https://www.nasdaq.com/symbol/bdl",
"FSI","Flexible Solutions International Inc.","1.501","$17.46M","n/a","Basic Industries","Major Chemicals","https://www.nasdaq.com/symbol/fsi",
"FTF","Franklin Limited Duration Income Trust","11.24","$254.07M","2003","n/a","n/a","https://www.nasdaq.com/symbol/ftf",
"FSP","Franklin Street Properties Corp.","8.27","$886.8M","n/a","Consumer Services","Real Estate Investment Trusts","https://www.nasdaq.com/symbol/fsp",
"FRD","Friedman Industries Inc.","10.34","$72.48M","n/a","Capital Goods","Steel/Iron Ore","https://www.nasdaq.com/symbol/frd",
"FTNW","FTE Networks, Inc.","14.54","$92.31M","n/a","Public Utilities","Telecommunications Equipment","https://www.nasdaq.com/symbol/ftnw",
"GGN","GAMCO Global Gold, Natural Reources & Income Trust ","4.87","$660.42M","2005","n/a","n/a","https://www.nasdaq.com/symbol/ggn",
"GGN^B","GAMCO Global Gold, Natural Reources & Income Trust ","23.25","n/a","n/a","n/a","n/a","https://www.nasdaq.com/symbol/ggn^b",
"GST","Gastar Exploration Inc.","0.0896","$19.72M","n/a","Energy","Oil & Gas Production","https://www.nasdaq.com/symbol/gst",
"GST^A","Gastar Exploration Inc.","2.56","n/a","n/a","n/a","n/a","https://www.nasdaq.com/symbol/gst^a",
"GST^B","Gastar Exploration Inc.","2.75","n/a","n/a","n/a","n/a","https://www.nasdaq.com/symbol/gst^b",
"JOB","GEE Group Inc.","2.64","$28M","n/a","Technology","Diversified Commercial Services","https://www.nasdaq.com/symbol/job",
"GMO","General Moly, Inc","0.375","$41.69M","n/a","Basic Industries","Precious Metals","https://www.nasdaq.com/symbol/gmo",
"GSB","GlobalSCAPE, Inc.","3.5035","$76.21M","n/a","Technology","Computer Software: Prepackaged Software","https://www.nasdaq.com/symbol/gsb",
"GSAT","Globalstar, Inc.","0.5108","$645.14M","2006","Consumer Services","Telecommunications Equipment","https://www.nasdaq.com/symbol/gsat",
"GLOW","Glowpoint, Inc.","0.176","$8.18M","n/a","Public Utilities","Telecommunications Equipment","https://www.nasdaq.com/symbol/glow",
"GORO","Gold Resource Corporation","4.94","$282.72M","n/a","Basic Industries","Precious Metals","https://www.nasdaq.com/symbol/goro",
"GSV","Gold Standard Ventures Corporation","1.44","$366.59M","n/a","Basic Industries","Mining & Quarrying of Nonmetallic Minerals (No Fuels)","https://www.nasdaq.com/symbol/gsv",
"AUMN","Golden Minerals Company","0.219","$20.92M","n/a","Basic Industries","Precious Metals","https://www.nasdaq.com/symbol/aumn",
"GSS","Golden Star Resources, Ltd","0.721","$274.57M","n/a","Basic Industries","Precious Metals","https://www.nasdaq.com/symbol/gss",
"GV","Goldfield Corporation (The)","4.65","$118.35M","n/a","Basic Industries","Water Supply","https://www.nasdaq.com/symbol/gv",
"GDP","Goodrich Petroleum Corporation","12.75","$147.42M","2017","Energy","Oil & Gas Production","https://www.nasdaq.com/symbol/gdp",
"GTE","Gran Tierra Energy Inc.","3.1","$1.21B","n/a","Energy","Oil & Gas Production","https://www.nasdaq.com/symbol/gte",
"GPL","Great Panther Silver Limited","0.8659","$146.36M","n/a","Basic Industries","Precious Metals","https://www.nasdaq.com/symbol/gpl",
"SIM","Grupo Simec, S.A. de C.V.","9.16","$1.52B","1993","Basic Industries","Steel/Iron Ore","https://www.nasdaq.com/symbol/sim",
"GLF","GulfMark Offshore, Inc.","37.5","$281.26M","2017","Energy","Metal Fabrications","https://www.nasdaq.com/symbol/glf",
"GLF.WS","GulfMark Offshore, Inc.","n/a","n/a","n/a","n/a","n/a","https://www.nasdaq.com/symbol/glf.ws",
"HEB","Hemispherx BioPharma, Inc.","0.283","$13.08M","n/a","Health Care","Biotechnology: Biological Products (No Diagnostic Substances)","https://www.nasdaq.com/symbol/heb",
"HCAC","Hennessy Capital Acquisition Corp. III","10.1","$76.86M","2017","Basic Industries","Environmental Services","https://www.nasdaq.com/symbol/hcac",
"HCAC.U","Hennessy Capital Acquisition Corp. III","n/a","n/a","2017","n/a","n/a","https://www.nasdaq.com/symbol/hcac.u",
"HCAC.WS","Hennessy Capital Acquisition Corp. III","n/a","n/a","n/a","n/a","n/a","https://www.nasdaq.com/symbol/hcac.ws",
"HLM^","Hillman Group Capital Trust","30.06","n/a","n/a","n/a","n/a","https://www.nasdaq.com/symbol/hlm^",
"HMG","HMG/Courtland Properties, Inc.","14.5","$14.69M","n/a","Consumer Services","Real Estate Investment Trusts","https://www.nasdaq.com/symbol/hmg",
"HUSA","Houston American Energy Corporation","0.2259","$13.44M","n/a","Energy","Oil & Gas Production","https://www.nasdaq.com/symbol/husa",
"IBIO","iBio, Inc.","0.6797","$11.86M","n/a","Health Care","Major Pharmaceuticals","https://www.nasdaq.com/symbol/ibio",
"IBO","IBO (Listing Market - NYSE Amex Network B F)","24.84","n/a","n/a","n/a","n/a","https://www.nasdaq.com/symbol/ibo",
"IEC","IEC Electronics Corp.","5.35","$54.8M","n/a","Technology","Electrical Products","https://www.nasdaq.com/symbol/iec",
"IMUC","ImmunoCellular Therapeutics, Ltd.","0.2131","$8.93M","n/a","Health Care","Major Pharmaceuticals","https://www.nasdaq.com/symbol/imuc",
"IMUC.WS","ImmunoCellular Therapeutics, Ltd.","n/a","n/a","n/a","n/a","n/a","https://www.nasdaq.com/symbol/imuc.ws",
"IMH","Impac Mortgage Holdings, Inc.","7.59","$159.16M","1997","Consumer Services","Real Estate Investment Trusts","https://www.nasdaq.com/symbol/imh",
"IMO","Imperial Oil Limited","30.88","$24.79B","n/a","Energy","Integrated oil Companies","https://www.nasdaq.com/symbol/imo",
"IOR","Income Opportunity Realty Investors, Inc.","13.266","$55.3M","n/a","Consumer Services","Real Estate Investment Trusts","https://www.nasdaq.com/symbol/ior",
"IGC","India Globalization Capital Inc.","0.3971","$12.43M","n/a","Consumer Non-Durables","Electronic Components","https://www.nasdaq.com/symbol/igc",
"INFU","InfuSystems Holdings, Inc.","3.25","$73.9M","n/a","Health Care","Medical/Dental Instruments","https://www.nasdaq.com/symbol/infu",
"IHT","InnSuites Hospitality Trust","1.5588","$14.94M","n/a","Consumer Services","Real Estate Investment Trusts","https://www.nasdaq.com/symbol/iht",
"NSPR","InspireMD Inc.","0.1978","$3.42M","n/a","Health Care","Medical/Dental Instruments","https://www.nasdaq.com/symbol/nspr",
"NSPR.WS","InspireMD Inc.","n/a","n/a","n/a","n/a","n/a","https://www.nasdaq.com/symbol/nspr.ws",
"NSPR.WS.B","InspireMD Inc.","n/a","n/a","n/a","n/a","n/a","https://www.nasdaq.com/symbol/nspr.ws.b",
"IDN","Intellicheck, Inc.","1.97","$30.78M","1999","Technology","Computer Software: Prepackaged Software","https://www.nasdaq.com/symbol/idn",
"INS","Intelligent Systems Corporation","13.91","$122.1M","1992","Technology","Computer Software: Prepackaged Software","https://www.nasdaq.com/symbol/ins",
"THM","International Tower Hill Mines Ltd","0.4222","$78.87M","n/a","Basic Industries","Precious Metals","https://www.nasdaq.com/symbol/thm",
"INTT","inTest Corporation","9.05","$94.79M","1997","Capital Goods","Electrical Products","https://www.nasdaq.com/symbol/intt",
"INUV","Inuvo, Inc","0.6635","$21.29M","n/a","Consumer Services","Advertising","https://www.nasdaq.com/symbol/inuv",
"VKI","Invesco Advantage Municipal Income Trust II","10.7098","$475.42M","n/a","n/a","n/a","https://www.nasdaq.com/symbol/vki",
"ISR","IsoRay, Inc.","0.5525","$37.2M","n/a","Health Care","Medical/Dental Instruments","https://www.nasdaq.com/symbol/isr",
"ISDR","Issuer Direct Corporation","17.376","$53.21M","n/a","Miscellaneous","Publishing","https://www.nasdaq.com/symbol/isdr",
"ITP","IT Tech Packaging, Inc.","0.81","n/a","n/a","Consumer Durables","Containers/Packaging","https://www.nasdaq.com/symbol/itp",
"KIQ","Kelso Technologies Inc","0.4451","$21M","n/a","Capital Goods","Railroads","https://www.nasdaq.com/symbol/kiq",
"LTS","Ladenburg Thalmann Financial Services Inc","3.25","$651.44M","n/a","Finance","Investment Bankers/Brokers/Service","https://www.nasdaq.com/symbol/lts",
"LTS^A","Ladenburg Thalmann Financial Services Inc","25.75","n/a","n/a","n/a","n/a","https://www.nasdaq.com/symbol/lts^a",
"LTSL","Ladenburg Thalmann Financial Services Inc","23.97","n/a","2017","Finance","Investment Bankers/Brokers/Service","https://www.nasdaq.com/symbol/ltsl",
"LTSF","Ladenburg Thalmann Financial Services Inc.","24.65","n/a","2018","Finance","Investment Bankers/Brokers/Service","https://www.nasdaq.com/symbol/ltsf",
"LEVB","Level Brands, Inc.","3.15","$25.31M","2017","Consumer Non-Durables","Package Goods/Cosmetics","https://www.nasdaq.com/symbol/levb",
"LGL","LGL Group, Inc. (The)","7.2","$33.83M","n/a","Capital Goods","Industrial Machinery/Components","https://www.nasdaq.com/symbol/lgl",
"LBY","Libbey, Inc.","10.27","$226.78M","1993","Capital Goods","Industrial Machinery/Components","https://www.nasdaq.com/symbol/lby",
"LLEX","Lilis Energy, Inc.","4.15","$249.76M","n/a","Energy","Oil & Gas Production","https://www.nasdaq.com/symbol/llex",
"LIQT","LiqTech International, Inc.","0.9901","$72.02M","n/a","Technology","Industrial Machinery/Components","https://www.nasdaq.com/symbol/liqt",
"MAG","MAG Silver Corporation","7.83","$669.77M","n/a","Basic Industries","Precious Metals","https://www.nasdaq.com/symbol/mag",
"MJCO","Majesco","7.68","$281.16M","2015","Technology","Computer Software: Prepackaged Software","https://www.nasdaq.com/symbol/mjco",
"MHH","Mastech Digital, Inc","20.5","$111.97M","n/a","Consumer Services","Professional Services","https://www.nasdaq.com/symbol/mhh",
"MTNB","Matinas Biopharma Holdings, Inc.","0.3802","$35.75M","2017","Health Care","Major Pharmaceuticals","https://www.nasdaq.com/symbol/mtnb",
"MNI","McClatchy Company (The)","9.13","$70.82M","1988","Consumer Services","Newspapers/Magazines","https://www.nasdaq.com/symbol/mni",
"IPB","Merrill Lynch & Co., Inc. 6.0518% Index Plus Trust Certificate","27.2","n/a","n/a","Finance","Finance: Consumer Services","https://www.nasdaq.com/symbol/ipb",
"MXC","Mexco Energy Corporation","5.05","$10.3M","n/a","Energy","Oil & Gas Production","https://www.nasdaq.com/symbol/mxc",
"CCA","MFS California Insured Municipal Trust","10.3","$28.7M","1999","n/a","n/a","https://www.nasdaq.com/symbol/cca",
"MICR","Micron Solutions, Inc.","3.42","$9.73M","n/a","Health Care","Biotechnology: Electromedical & Electrotherapeutic Apparatus","https://www.nasdaq.com/symbol/micr",
"MLSS","Milestone Scientific, Inc.","0.745","$24.93M","2015","Health Care","Industrial Specialties","https://www.nasdaq.com/symbol/mlss",
"MYO","Myomo Inc.","1.95","$24.2M","2017","Health Care","Industrial Specialties","https://www.nasdaq.com/symbol/myo",
"NNVC","NanoViricides, Inc.","0.3388","$23.37M","n/a","Health Care","Biotechnology: Commercial Physical & Biological Resarch","https://www.nasdaq.com/symbol/nnvc",
"ATEST","NASDAQ TEST STOCK","25","n/a","n/a","n/a","n/a","https://www.nasdaq.com/symbol/atest",
"ATEST.A","NASDAQ TEST STOCK","n/a","n/a","n/a","n/a","n/a","https://www.nasdaq.com/symbol/atest.a",
"ATEST.B","NASDAQ TEST STOCK","n/a","n/a","n/a","n/a","n/a","https://www.nasdaq.com/symbol/atest.b",
"ATEST.C","NASDAQ TEST STOCK","n/a","n/a","n/a","n/a","n/a","https://www.nasdaq.com/symbol/atest.c",
"NHC","National HealthCare Corporation","76.5","$1.16B","n/a","Health Care","Hospital/Nursing Management","https://www.nasdaq.com/symbol/nhc",
"NAVB","Navidea Biopharmaceuticals, Inc.","0.1401","$22.83M","n/a","Health Care","Biotechnology: In Vitro & In Vivo Diagnostic Substances","https://www.nasdaq.com/symbol/navb",
"NTIP","Network-1 Technologies, Inc.","2.6","$61.69M","n/a","Miscellaneous","Multi-Sector Companies","https://www.nasdaq.com/symbol/ntip",
"NBW","Neuberger Berman California Intermediate Municipal Fund Inc.","12.56","$69.72M","2002","n/a","n/a","https://www.nasdaq.com/symbol/nbw",
"NHS","Neuberger Berman High Yield Strategies Fund","10.87","$212.41M","n/a","n/a","n/a","https://www.nasdaq.com/symbol/nhs",
"NBH","Neuberger Berman Intermediate Municipal Fund Inc.","13.5","$253.85M","2002","n/a","n/a","https://www.nasdaq.com/symbol/nbh",
"NML","Neuberger Berman MLP Income Fund Inc.","9.0602","$513.34M","2013","n/a","n/a","https://www.nasdaq.com/symbol/nml",
"NBO","Neuberger Berman New York Intermediate Municipal Fund Inc.","11.61","$58.94M","2002","n/a","n/a","https://www.nasdaq.com/symbol/nbo",
"NRO","Neuberger Berman Real Estate Securities Income Fund, Inc.","5.15","$244.21M","2003","n/a","n/a","https://www.nasdaq.com/symbol/nro",
"UWN","Nevada Gold & Casinos, Inc.","2.21","$37.23M","n/a","Consumer Services","Services-Misc. Amusement & Recreation","https://www.nasdaq.com/symbol/uwn",
"NSU","Nevsun Resources Ltd","3.66","$1.11B","n/a","Basic Industries","Precious Metals","https://www.nasdaq.com/symbol/nsu",
"GBR","New Concept Energy, Inc","2.11","$4.5M","n/a","Energy","Oil & Gas Production","https://www.nasdaq.com/symbol/gbr",
"NEN","New England Realty Associates Limited Partnership","64.5","$240.69M","n/a","Consumer Services","Building operators","https://www.nasdaq.com/symbol/nen",
"NGD","New Gold Inc.","0.98","$567.17M","n/a","Basic Industries","Precious Metals","https://www.nasdaq.com/symbol/ngd",
"NXE","Nexgen Energy Ltd.","1.96","$677.22M","n/a","Basic Industries","Precious Metals","https://www.nasdaq.com/symbol/nxe",
"HLTH","Nobilis Health Corp.","0.83","$64.89M","2015","Health Care","Hospital/Nursing Management","https://www.nasdaq.com/symbol/hlth",
"NAK","Northern Dynasty Minerals, Ltd.","0.4985","$155.6M","n/a","Basic Industries","Precious Metals","https://www.nasdaq.com/symbol/nak",
"NOG","Northern Oil and Gas, Inc.","2.78","$896.4M","n/a","Energy","Oil & Gas Production","https://www.nasdaq.com/symbol/nog",
"NBY","NovaBay Pharmaceuticals, Inc.","2.02","$34.52M","2007","Health Care","Major Pharmaceuticals","https://www.nasdaq.com/symbol/nby",
"NG","Novagold Resources Inc.","3.65","$1.18B","n/a","Basic Industries","Precious Metals","https://www.nasdaq.com/symbol/ng",
"NTN","NTN Buzztime, Inc.","5.39","$15.45M","n/a","Consumer Services","Broadcasting","https://www.nasdaq.com/symbol/ntn",
"NES","Nuverra Environmental Solutions, Inc.","9.58","$112.04M","2017","Energy","Oilfield Services/Equipment","https://www.nasdaq.com/symbol/nes",
"OCX","OncoCyte Corporation","2.55","$100.48M","2015","Health Care","Biotechnology: In Vitro & In Vivo Diagnostic Substances","https://www.nasdaq.com/symbol/ocx",
"OGEN","Oragenics Inc.","0.4455","$4.96M","n/a","Health Care","Major Pharmaceuticals","https://www.nasdaq.com/symbol/ogen",
"TIS","Orchids Paper Products Company","2.78","$29.66M","2005","Basic Industries","Paper","https://www.nasdaq.com/symbol/tis",
"ORM","Owens Realty Mortgage, Inc.","17.49","$155.46M","2013","Consumer Services","Real Estate Investment Trusts","https://www.nasdaq.com/symbol/orm",
"PCG^A","Pacific Gas & Electric Co.","24.7094","n/a","n/a","n/a","n/a","https://www.nasdaq.com/symbol/pcg^a",
"PCG^B","Pacific Gas & Electric Co.","23","n/a","n/a","n/a","n/a","https://www.nasdaq.com/symbol/pcg^b",
"PCG^C","Pacific Gas & Electric Co.","21.2018","n/a","n/a","n/a","n/a","https://www.nasdaq.com/symbol/pcg^c",
"PCG^D","Pacific Gas & Electric Co.","20.249","n/a","n/a","n/a","n/a","https://www.nasdaq.com/symbol/pcg^d",
"PCG^E","Pacific Gas & Electric Co.","20.4719","n/a","n/a","n/a","n/a","https://www.nasdaq.com/symbol/pcg^e",
"PCG^G","Pacific Gas & Electric Co.","19.79","n/a","n/a","n/a","n/a","https://www.nasdaq.com/symbol/pcg^g",
"PCG^H","Pacific Gas & Electric Co.","19.04","n/a","n/a","n/a","n/a","https://www.nasdaq.com/symbol/pcg^h",
"PCG^I","Pacific Gas & Electric Co.","18.91","n/a","n/a","n/a","n/a","https://www.nasdaq.com/symbol/pcg^i",
"PTN","Palatin Technologies, Inc.","0.9699","$192.7M","n/a","Health Care","Major Pharmaceuticals","https://www.nasdaq.com/symbol/ptn",
"PZG","Paramount Gold Nevada Corp.","1.125","$28.66M","2015","Basic Industries","Precious Metals","https://www.nasdaq.com/symbol/pzg",
"TEUM","Pareteum Corporation","2.55","$139.4M","n/a","Technology","EDP Services","https://www.nasdaq.com/symbol/teum",
"PRK","Park National Corporation","110.65","$1.75B","n/a","Finance","Major Banks","https://www.nasdaq.com/symbol/prk",
"PED","Pedevco Corp.","1.87","$27.19M","n/a","Energy","Oil & Gas Production","https://www.nasdaq.com/symbol/ped",
"PFNX","Pfenex Inc.","4.81","$113.44M","2014","Health Care","Major Pharmaceuticals","https://www.nasdaq.com/symbol/pfnx",
"HNW","Pioneer Diversified High Income Trust","14.6","$121.66M","2007","n/a","n/a","https://www.nasdaq.com/symbol/hnw",
"PLG","Platinum Group Metals Ltd.","0.0977","$28.43M","n/a","Basic Industries","Precious Metals","https://www.nasdaq.com/symbol/plg",
"PLYM","Plymouth Industrial REIT, Inc.","15.5","$55.17M","2017","Consumer Services","Real Estate Investment Trusts","https://www.nasdaq.com/symbol/plym",
"PLYM^A","Plymouth Industrial REIT, Inc.","24.941","n/a","n/a","n/a","n/a","https://www.nasdaq.com/symbol/plym^a",
"PLM","Polymet Mining Corp.","0.8505","$272.62M","n/a","Basic Industries","Precious Metals","https://www.nasdaq.com/symbol/plm",
"PW","Power REIT","6.12","$11.18M","n/a","Consumer Services","Real Estate Investment Trusts","https://www.nasdaq.com/symbol/pw",
"PW^A","Power REIT","26.4","n/a","n/a","n/a","n/a","https://www.nasdaq.com/symbol/pw^a",
"PLX","Protalix BioTherapeutics, Inc.","0.475","$69.15M","n/a","Health Care","Biotechnology: Biological Products (No Diagnostic Substances)","https://www.nasdaq.com/symbol/plx",
"RLGT","Radiant Logistics, Inc.","4.12","$203.36M","n/a","Transportation","Oil Refining/Marketing","https://www.nasdaq.com/symbol/rlgt",
"RLGT^A","Radiant Logistics, Inc.","25.686","n/a","n/a","n/a","n/a","https://www.nasdaq.com/symbol/rlgt^a",
"RFL","Rafael Holdings, Inc.","9.3","$116.62M","2018","Finance","Real Estate","https://www.nasdaq.com/symbol/rfl",
"UTG","Reaves Utility Income Fund","31.23","$1.52B","2004","n/a","n/a","https://www.nasdaq.com/symbol/utg",
"REED","Reeds, Inc.","2.6","$65.09M","n/a","Consumer Non-Durables","Beverages (Production/Distribution)","https://www.nasdaq.com/symbol/reed",
"RHE","Regional Health Properties, Inc.","0.1492","$3.03M","2017","Consumer Services","Real Estate Investment Trusts","https://www.nasdaq.com/symbol/rhe",
"RHE^A","Regional Health Properties, Inc.","1.9","n/a","n/a","n/a","n/a","https://www.nasdaq.com/symbol/rhe^a",
"RCG","RENN Fund, Inc.","1.62","$7.23M","n/a","n/a","n/a","https://www.nasdaq.com/symbol/rcg",
"RVP","Retractable Technologies, Inc.","0.7321","$23.92M","n/a","Health Care","Medical/Dental Instruments","https://www.nasdaq.com/symbol/rvp",
"RNN","Rexahn Pharmaceuticals, Inc.","1.61","$51.12M","n/a","Health Care","Major Pharmaceuticals","https://www.nasdaq.com/symbol/rnn",
"REI","Ring Energy, Inc.","12.05","$727.68M","n/a","Energy","Oil & Gas Production","https://www.nasdaq.com/symbol/rei",
"RIF","RMR Real Estate Income Fund","18.79","$191.7M","n/a","n/a","n/a","https://www.nasdaq.com/symbol/rif",
"SACH","Sachem Capital Corp.","4.16","$64.13M","2017","Consumer Services","Real Estate Investment Trusts","https://www.nasdaq.com/symbol/sach",
"SNMP","Sanchez Midstream Partners LP","10.5","$162.28M","n/a","Energy","Oil & Gas Production","https://www.nasdaq.com/symbol/snmp",
"SAND          ","Sandstorm Gold Ltd","3.54","$654.18M","n/a","Basic Industries","Precious Metals","https://www.nasdaq.com/symbol/sand",
"SEB","Seaboard Corporation","3666","$4.29B","1996","Finance","Investment Bankers/Brokers/Service","https://www.nasdaq.com/symbol/seb",
"SENS","Senseonics Holdings, Inc.","3.72","$652.82M","n/a","Capital Goods","Industrial Machinery/Components","https://www.nasdaq.com/symbol/sens",
"SVT","Servotronics, Inc.","10.9317","$26.45M","n/a","Capital Goods","Industrial Machinery/Components","https://www.nasdaq.com/symbol/svt",
"SMTS","Sierra Metals Inc.","2.48","$405.3M","n/a","Basic Industries","Precious Metals","https://www.nasdaq.com/symbol/smts",
"SIF","SIFCO Industries, Inc.","5.225","$29.74M","n/a","Capital Goods","Aerospace","https://www.nasdaq.com/symbol/sif",
"SVM","Silvercorp Metals Inc.","2.5","$419.2M","n/a","Basic Industries","Precious Metals","https://www.nasdaq.com/symbol/svm",
"XPL","Solitario Zinc Corp.","0.364","$21.26M","n/a","Basic Industries","Precious Metals","https://www.nasdaq.com/symbol/xpl",
"SCE^B","Southern California Edison Company","20.9999","n/a","n/a","n/a","n/a","https://www.nasdaq.com/symbol/sce^b",
"SCE^C","Southern California Edison Company","21.4174","n/a","n/a","n/a","n/a","https://www.nasdaq.com/symbol/sce^c",
"SCE^D","Southern California Edison Company","21.28","n/a","n/a","n/a","n/a","https://www.nasdaq.com/symbol/sce^d",
"SCE^E","Southern California Edison Company","23.856","n/a","n/a","n/a","n/a","https://www.nasdaq.com/symbol/sce^e",
"SGB","Southwest Georgia Financial Corporation","23.2","$59.06M","n/a","Finance","Major Banks","https://www.nasdaq.com/symbol/sgb",
"LOV","Spark Networks, Inc.","13","$168.12M","2017","Consumer Services","Other Consumer Services","https://www.nasdaq.com/symbol/lov",
"SRCI","SRC Energy Inc.","9.19","$2.22B","n/a","Energy","Oil & Gas Production","https://www.nasdaq.com/symbol/srci",
"SDI","Standard Diversified Inc.","15.98","$265.44M","n/a","Consumer Non-Durables","Tobacco","https://www.nasdaq.com/symbol/sdi",
"SSY","SunLink Health Systems, Inc.","1.3","$9.64M","n/a","Health Care","Hospital/Nursing Management","https://www.nasdaq.com/symbol/ssy",
"SDPI","Superior Drilling Products, Inc.","1.82","$44.65M","2014","Energy","Metal Fabrications","https://www.nasdaq.com/symbol/sdpi",
"SYN","Synthetic Biologics, Inc","2.55","$327.85M","n/a","Health Care","Major Pharmaceuticals","https://www.nasdaq.com/symbol/syn",
"TKAT","Takung Art Co., Ltd.","1.0706","$12M","n/a","Consumer Services","Other Specialty Stores","https://www.nasdaq.com/symbol/tkat",
"TALO.WS","Talos Energy, Inc.","n/a","n/a","n/a","n/a","n/a","https://www.nasdaq.com/symbol/talo.ws",
"TRX","Tanzanian Royalty Exploration Corporation","0.3679","$45.19M","n/a","Basic Industries","Precious Metals","https://www.nasdaq.com/symbol/trx",
"TGB","Taseko Mines Limited","0.7064","$161.11M","n/a","Basic Industries","Precious Metals","https://www.nasdaq.com/symbol/tgb",
"TIK","Tel-Instrument Electronics Corp.","2.6","$8.47M","n/a","Capital Goods","Electrical Products","https://www.nasdaq.com/symbol/tik",
"TGC","Tengasco, Inc.","1.08","$11.47M","n/a","Energy","Oil & Gas Production","https://www.nasdaq.com/symbol/tgc",
"GLU","The Gabelli Global Utility and Income Trust","18.98","$78.03M","2004","n/a","n/a","https://www.nasdaq.com/symbol/glu",
"GLU^A","The Gabelli Global Utility and Income Trust","44.2584","n/a","n/a","n/a","n/a","https://www.nasdaq.com/symbol/glu^a",
"GGO","The Gabelli Go Anywhere Trust","21.8706","$35.22M","2016","n/a","n/a","https://www.nasdaq.com/symbol/ggo",
"GGO^A","The Gabelli Go Anywhere Trust","42.4399","n/a","n/a","n/a","n/a","https://www.nasdaq.com/symbol/ggo^a",
"TMP","Tompkins Financial Corporation","87.42","$1.33B","n/a","Finance","Major Banks","https://www.nasdaq.com/symbol/tmp",
"TAT","Transatlantic Petroleum Ltd","1.48","$74.57M","n/a","Energy","Oil & Gas Production","https://www.nasdaq.com/symbol/tat",
"TRXC","TransEnterix, Inc.","4.44","$905.66M","n/a","Health Care","Medical/Dental Instruments","https://www.nasdaq.com/symbol/trxc",
"TMQ","Trilogy Metals Inc.","1.87","$245.57M","n/a","Basic Industries","Precious Metals","https://www.nasdaq.com/symbol/tmq",
"TPHS","Trinity Place Holdings Inc.","6.25","$197.74M","n/a","Consumer Services","Building operators","https://www.nasdaq.com/symbol/tphs",
"TRT","Trio-Tech International","4.32","$15.35M","n/a","Technology","Industrial Machinery/Components","https://www.nasdaq.com/symbol/trt",
"UFAB","Unique Fabricating, Inc.","8.55","$83.5M","2015","Capital Goods","Auto Parts:O.E.M.","https://www.nasdaq.com/symbol/ufab",
"UAMY","United States Antimony Corporation","0.61","$41.62M","n/a","Capital Goods","Metal Fabrications","https://www.nasdaq.com/symbol/uamy",
"UUU","Universal Security Instruments, Inc.","1.4179","$3.28M","n/a","Consumer Non-Durables","Electronic Components","https://www.nasdaq.com/symbol/uuu",
"UQM","UQM Technologies Inc.","1.07","$57.93M","n/a","Capital Goods","Industrial Machinery/Components","https://www.nasdaq.com/symbol/uqm",
"URG","Ur Energy Inc","0.71","$104.17M","n/a","Basic Industries","Precious Metals","https://www.nasdaq.com/symbol/urg",
"UEC","Uranium Energy Corp.","1.62","$259.84M","n/a","Basic Industries","Precious Metals","https://www.nasdaq.com/symbol/uec",
"VHC","VirnetX Holding Corp","3.15","$193.56M","n/a","Miscellaneous","Multi-Sector Companies","https://www.nasdaq.com/symbol/vhc",
"VGZ","Vista Gold Corporation","0.47","$46.78M","n/a","Basic Industries","Precious Metals","https://www.nasdaq.com/symbol/vgz",
"VNRX","VolitionRX Limited","1.73","$51.95M","2015","Health Care","Biotechnology: In Vitro & In Vivo Diagnostic Substances","https://www.nasdaq.com/symbol/vnrx",
"VISI","Volt Information Sciences, Inc.","3.55","$74.68M","n/a","Technology","Professional Services","https://www.nasdaq.com/symbol/visi",
"EAD","Wells Fargo Income Opportunities Fund","7.96","$548.86M","2003","n/a","n/a","https://www.nasdaq.com/symbol/ead",
"ERC","Wells Fargo Multi-Sector Income Fund","12.58","$412.96M","2003","n/a","n/a","https://www.nasdaq.com/symbol/erc",
"ERH","Wells Fargo Utilities and High Income Fund","12.63","$116.75M","2004","n/a","n/a","https://www.nasdaq.com/symbol/erh",
"WRN","Western Copper and Gold Corporation","0.7092","$70.61M","2011","Basic Industries","Precious Metals","https://www.nasdaq.com/symbol/wrn",
"WYY","WidePoint Corporation","0.4665","$38.76M","n/a","Technology","EDP Services","https://www.nasdaq.com/symbol/wyy",
"WTT","Wireless Telecom Group,  Inc.","1.9","$39.86M","n/a","Capital Goods","Electrical Products","https://www.nasdaq.com/symbol/wtt",
"XTNT","Xtant Medical Holdings, Inc.","6.04","$79.4M","n/a","Health Care","Biotechnology: Biological Products (No Diagnostic Substances)","https://www.nasdaq.com/symbol/xtnt",
"YUMA","Yuma Energy, Inc.","0.2996","$6.96M","n/a","Energy","Oil & Gas Production","https://www.nasdaq.com/symbol/yuma",
"ZDGE","Zedge, Inc.","2.64","$27.08M","2016","Technology","Computer Software: Prepackaged Software","https://www.nasdaq.com/symbol/zdge",
"ZOM","Zomedica Pharmaceuticals Corp.","2.18","$206.03M","2017","Health Care","Major Pharmaceuticals","https://www.nasdaq.com/symbol/zom",
